p;q;t;TC_cpqt;G_cpqt;F_cpq;W_pq
1;1;1;1000000000;0.2;0.00003;1403
1;1;2;1000000000;0.2;0.00003;1403
1;1;3;1000000000;0.2;0.00003;1403