j;p;t;TC_bjpt;G_bjpt;F_bjp;W_jp
1;1;1;1000000000;0.1;0.000015;0
1;1;2;1000000000;0.1;0.000015;0
1;1;3;1000000000;0.1;0.000015;0
