u;r;t;TC_curt;TC_eurt;TC_furt;G_curt;G_eurt;G_furt;F_cur;F_eur;F_fur;W_ur
1;1;1;1000000000;1000000000;1000000000;0.3;0.3;0.3;0.000015;0.000015;0.000015;300
1;1;2;1000000000;1000000000;1000000000;0.3;0.3;0.3;0.000015;0.000015;0.000015;300
1;1;3;1000000000;1000000000;1000000000;0.3;0.3;0.3;0.000015;0.000015;0.000015;300
1;2;1;1000000000;1000000000;1000000000;0.3;0.3;0.3;0.000015;0.000015;0.000015;600
1;2;2;1000000000;1000000000;1000000000;0.3;0.3;0.3;0.000015;0.000015;0.000015;600
1;2;3;1000000000;1000000000;1000000000;0.3;0.3;0.3;0.000015;0.000015;0.000015;600